0256.jpg,937,2731,1,2639,1463,0
0242.jpg,1191,2292,1,262,3789,0
0295.jpg,720,2470,1,1797,1379,0
0281.jpg,908,2490,1,2419,2169,0
0478.jpg,1214,1639,1,2357,484,0
0444.jpg,1519,1648,1,589,3631,0
0322.jpg,1123,2626,1,2083,3599,0
0336.jpg,1210,2074,1,216,3645,0
0450.jpg,1676,2038,1,1040,793,0
0487.jpg,1201,2539,1,302,140,0
0493.jpg,1199,1324,1,112,3756,0
0108.jpg,1279,1518,1,944,2854,0
0120.jpg,1392,1814,1,2099,38,0
0134.jpg,1824,1518,1,376,1595,0
033.jpg,1197,1688,1,223,3495,0
027.jpg,1560,1364,1,234,2373,0
026.jpg,1469,1299,1,301,747,0
032.jpg,1179,1851,1,438,3291,0
0135.jpg,1391,1964,1,1756,3468,0
0121.jpg,1473,1638,1,1144,84,0
0109.jpg,1466,1940,1,2016,101,0
0492.jpg,1341,2035,1,2547,3571,0
0486.jpg,1369,2133,1,377,272,0
0337.jpg,1229,2394,1,2422,3602,0
0451.jpg,1940,1126,1,231,2549,0
0445.jpg,1449,1700,1,1784,338,0
0323.jpg,1136,1900,1,190,3509,0
0479.jpg,1327,1696,1,1688,416,0
0280.jpg,907,2201,1,1692,573,0
0294.jpg,1071,2130,1,1648,505,0
0243.jpg,1268,1616,1,2159,3134,0
0257.jpg,1200,1982,1,442,3628,0
0269.jpg,1657,2484,1,778,948,0
0241.jpg,1968,1657,1,3474,841,0
0255.jpg,1009,2041,1,2333,3485,0
0282.jpg,902,2671,1,2443,1033,0
0296.jpg,1118,2235,1,93,758,0
0309.jpg,714,741,1,2431,794,0
0453.jpg,1442,1634,1,144,3270,0
0335.jpg,1683,2412,1,108,3589,0
0321.jpg,937,2146,1,2401,1995,0
0447.jpg,1480,2139,1,2443,3521,0
0490.jpg,1284,1825,1,1342,468,0
0484.jpg,1459,849,1,3377,2529,0
0137.jpg,1208,1998,1,1329,3325,0
0123.jpg,1298,2175,1,1727,663,0
024.jpg,1586,1352,1,120,313,0
030.jpg,1045,2019,1,2490,435,0
018.jpg,1471,1912,1,617,338,0
019.jpg,1512,1259,1,102,577,0
031.jpg,1302,1758,1,255,3351,0
025.jpg,1389,1254,1,3115,2119,0
0122.jpg,1337,1756,1,1808,3480,0
0136.jpg,1356,2324,1,2338,236,0
0485.jpg,1274,2247,1,2405,2403,0
0491.jpg,1554,1126,1,1759,3085,0
0320.jpg,842,1339,1,2030,2144,0
0446.jpg,1586,1756,1,1053,3385,0
0452.jpg,1459,1782,1,2461,1983,0
0334.jpg,1107,2145,1,2178,968,0
0308.jpg,1719,2770,1,234,396,0
0297.jpg,1881,1211,1,229,407,0
0283.jpg,943,2051,1,170,3476,0
0254.jpg,939,2332,1,490,3219,0
0240.jpg,2416,1724,1,593,413,0
0268.jpg,1291,2341,1,584,658,0
0244.jpg,1040,2214,1,88,3253,0
0250.jpg,2053,1443,1,3188,2042,0
0278.jpg,1293,1848,1,2399,839,0
0287.jpg,1235,1852,1,94,2981,0
0293.jpg,978,1745,1,18,2815,0
0330.jpg,2414,976,1,1873,2519,0
0456.jpg,1939,822,1,220,2459,0
0442.jpg,1488,1862,1,820,3222,0
0324.jpg,2084,1646,1,2417,579,0
0318.jpg,1672,1908,1,238,396,0
0495.jpg,1116,1523,1,311,3582,0
0481.jpg,2568,1202,1,429,764,0
0132.jpg,1455,1573,1,1617,3415,0
0126.jpg,1379,1392,1,2388,3389,0
021.jpg,2193,1549,1,136,1278,0
035.jpg,1435,1722,1,1935,3346,0
034.jpg,1500,1635,1,2113,3366,0
020.jpg,1459,1779,1,2092,3309,0
0127.jpg,1373,1899,1,1822,3317,0
0133.jpg,1522,2060,1,1885,3609,0
0480.jpg,1349,1679,1,2092,3460,0
0494.jpg,1471,1442,1,203,3309,0
0319.jpg,821,2265,1,2529,654,0
0443.jpg,1495,1923,1,2542,3497,0
0325.jpg,2030,740,1,28,2089,0
0331.jpg,795,2648,1,2168,2918,0
0457.jpg,1518,1725,1,583,160,0
0292.jpg,1205,1841,1,2333,3385,0
0286.jpg,1171,1747,1,663,3029,0
0279.jpg,1336,2026,1,1279,785,0
0251.jpg,2522,1648,1,1825,314,0
0245.jpg,1342,2159,1,373,3513,0
0253.jpg,1874,2368,1,467,539,0
0247.jpg,1149,2425,1,2419,3017,0
0290.jpg,1887,2215,1,2097,3646,0
0284.jpg,1007,1100,1,56,3403,0
0327.jpg,1156,1931,1,2326,3182,0
0441.jpg,1389,1964,1,2181,3228,0
0455.jpg,1434,1917,1,2186,3237,0
0333.jpg,1262,1640,1,2359,3197,0
0469.jpg,1443,1830,1,96,371,0
0482.jpg,1405,1874,1,2044,414,0
0125.jpg,1349,1921,1,1419,3437,0
0131.jpg,1345,1905,1,648,3096,0
0119.jpg,1303,1900,1,2133,255,0
036.jpg,1366,2184,1,1760,3507,0
022.jpg,1438,1395,1,3275,1880,0
023.jpg,1991,1323,1,494,2395,0
037.jpg,1289,2004,1,847,3425,0
0118.jpg,1361,2329,1,2634,3656,0
0130.jpg,1370,1891,1,271,3406,0
0124.jpg,1190,1510,1,1271,3057,0
0483.jpg,1523,1728,1,1838,3204,0
0468.jpg,1686,2048,1,1714,584,0
0454.jpg,1228,1885,1,2173,3236,0
0332.jpg,1251,1753,1,643,353,0
0326.jpg,1851,2326,1,45,3190,0
0440.jpg,1429,1957,1,2550,1228,0
0285.jpg,1021,1853,1,31,951,0
0291.jpg,1773,2273,1,67,3076,0
0246.jpg,1164,1705,1,1962,3191,0
0252.jpg,920,1976,1,146,600,0
0209.jpg,1101,2010,1,2410,804,0
0235.jpg,1084,1703,1,1083,3146,0
0221.jpg,1607,1788,1,1775,457,0
0369.jpg,1502,2191,1,2259,830,0
0341.jpg,1521,2022,1,140,292,0
0427.jpg,1490,1840,1,2054,3093,0
0433.jpg,1412,1440,1,1883,3131,0
0355.jpg,2356,1034,1,1292,2211,0
0382.jpg,1511,2196,1,1839,263,0
0396.jpg,1275,1991,1,2545,3386,0
093.jpg,2071,1500,1,3338,2431,0
087.jpg,1417,1836,1,853,66,0
0143.jpg,1339,1981,1,1674,76,0
0157.jpg,1425,1301,1,2579,3174,0
050.jpg,1605,2885,1,2485,3088,0
044.jpg,1347,2204,1,2034,532,0
0180.jpg,1586,1648,1,2208,967,0
0194.jpg,1684,3037,1,701,2838,0
078.jpg,1191,2312,1,2214,3132,0
0195.jpg,974,2071,1,169,3526,0
079.jpg,1288,2029,1,1977,3275,0
0181.jpg,952,2081,1,2005,2008,0
045.jpg,1319,2347,1,2192,919,0
051.jpg,1664,2961,1,831,1358,0
0156.jpg,1817,1181,1,170,358,0
0142.jpg,1367,1856,1,246,3393,0
086.jpg,1862,1298,1,575,96,0
092.jpg,1375,2095,1,2057,3230,0
0397.jpg,1393,1965,1,2466,1638,0
0383.jpg,1437,1912,1,2027,3613,0
0432.jpg,1627,1935,1,1814,282,0
0354.jpg,1314,2413,1,2278,726,0
0340.jpg,1276,2095,1,148,3455,0
0426.jpg,1505,2070,1,425,301,0
0368.jpg,2096,1244,1,128,233,0
0220.jpg,1213,1471,1,132,3313,0
0234.jpg,1096,2396,1,1951,3321,0
0208.jpg,1361,2198,1,185,517,0
0222.jpg,1086,1185,1,210,3387,0
0236.jpg,1206,2067,1,1821,3049,0
0418.jpg,1189,2090,1,1923,853,0
0356.jpg,1215,2644,1,2446,1756,0
0430.jpg,1768,2181,1,689,647,0
0424.jpg,1637,1902,1,2220,3140,0
0342.jpg,1464,2136,1,1790,3759,0
0395.jpg,1408,1318,1,2506,2834,0
0381.jpg,1371,1997,1,2271,2897,0
084.jpg,1084,896,1,347,2310,0
0168.jpg,1482,1736,1,906,3017,0
090.jpg,2092,1454,1,3244,1939,0
0154.jpg,1226,2305,1,2331,383,0
0140.jpg,1191,2049,1,2137,284,0
047.jpg,1765,1231,1,3021,1439,0
053.jpg,1832,3326,1,2277,555,0
0197.jpg,1785,2451,1,2027,3671,0
0183.jpg,1587,2007,1,2492,850,0
0182.jpg,1252,1869,1,1065,439,0
0196.jpg,1395,2080,1,69,3251,0
052.jpg,1694,3283,1,2455,974,0
046.jpg,1670,938,1,1538,2167,0
0141.jpg,1450,1921,1,1694,3384,0
0155.jpg,1502,1184,1,531,44,0
091.jpg,1297,2095,1,1245,3412,0
085.jpg,1945,1330,1,477,80,0
0169.jpg,1360,1801,1,1654,3388,0
0380.jpg,1343,2184,1,2168,623,0
0394.jpg,1730,1365,1,178,3400,0
0425.jpg,2175,945,1,251,565,0
0343.jpg,1424,2081,1,1786,3681,0
0357.jpg,1071,2316,1,84,3682,0
0431.jpg,1427,1756,1,2383,2992,0
0419.jpg,2475,1127,1,3053,2178,0
0237.jpg,1245,2012,1,2340,2322,0
0223.jpg,1171,1022,1,359,2767,0
0227.jpg,1923,1649,1,414,3590,0
0233.jpg,1436,1879,1,270,3343,0
0435.jpg,1299,1923,1,2159,3075,0
0353.jpg,1256,2337,1,927,458,0
0347.jpg,1279,1597,1,2010,3019,0
0421.jpg,1622,1844,1,2604,2404,0
0409.jpg,1362,2261,1,2590,3484,0
0390.jpg,1288,1739,1,2651,2097,0
0384.jpg,1835,1231,1,3059,2535,0
0151.jpg,2082,1304,1,136,1368,0
0145.jpg,1065,1775,1,59,2257,0
081.jpg,1571,2033,1,651,3527,0
095.jpg,1284,1983,1,1635,3334,0
0179.jpg,1121,2241,1,2188,1317,0
0192.jpg,1567,3213,1,339,3315,0
0186.jpg,1908,2038,1,22,3510,0
042.jpg,1318,1682,1,210,2756,0
056.jpg,1865,2823,1,496,1331,0
057.jpg,1217,1633,1,1757,413,0
043.jpg,1808,1627,1,1004,1252,0
0187.jpg,1209,1841,1,2175,411,0
0193.jpg,1394,1695,1,120,1053,0
094.jpg,2104,1472,1,1127,727,0
0178.jpg,860,2216,1,1729,864,0
080.jpg,1385,2043,1,2079,2865,0
0144.jpg,1419,2033,1,532,3417,0
0150.jpg,896,2073,1,2538,3467,0
0385.jpg,1284,869,1,28,1784,0
0391.jpg,1498,1612,1,90,3272,0
0408.jpg,1121,1984,1,2311,3306,0
0346.jpg,1380,2510,1,2214,1082,0
0420.jpg,3258,903,1,1558,247,0
0434.jpg,1748,1210,1,2068,2999,0
0352.jpg,1073,2155,1,2044,3505,0
0232.jpg,1006,1773,1,1922,3378,0
0226.jpg,2095,2081,1,3392,2350,0
08.jpg,1313,2212,1,1948,3733,0
0230.jpg,1078,1937,1,2206,1604,0
0224.jpg,1441,1823,1,208,2727,0
0218.jpg,1391,1810,1,158,3299,0
0422.jpg,996,2043,1,1544,3423,0
0344.jpg,1499,2977,1,1945,2048,0
0350.jpg,1344,1733,1,2426,181,0
0436.jpg,1548,1922,1,2110,3223,0
0378.jpg,1327,2758,1,2417,3142,0
0387.jpg,470,3001,1,879,36,0
0393.jpg,1674,1501,1,27,2754,0
0146.jpg,1449,2177,1,1982,359,0
0152.jpg,1958,1556,1,1078,2577,0
096.jpg,1188,1511,1,1070,2734,0
082.jpg,1811,1984,1,54,614,0
0185.jpg,1313,1492,1,1264,2672,0
069.jpg,1688,1350,1,2081,625,0
0191.jpg,1383,2101,1,2064,3464,0
055.jpg,1318,2458,1,1578,1478,0
041.jpg,2134,1096,1,2956,174,0
040.jpg,278,1805,1,2585,1726,0
054.jpg,1921,2931,1,2251,306,0
0190.jpg,1242,3079,1,272,3476,0
0184.jpg,1648,1822,1,707,3280,0
068.jpg,1342,1451,1,2513,416,0
083.jpg,1592,1990,1,1286,3194,0
097.jpg,2022,1749,1,3461,1340,0
0153.jpg,2464,1097,1,624,2069,0
0147.jpg,1197,1654,1,1910,556,0
0392.jpg,1605,1815,1,2089,3707,0
0386.jpg,1470,1480,1,91,2894,0
0379.jpg,1480,1850,1,2017,560,0
0351.jpg,1365,2039,1,200,3495,0
0437.jpg,1422,2103,1,1999,476,0
0423.jpg,1107,2245,1,2372,2334,0
0345.jpg,1715,2128,1,614,3537,0
0219.jpg,1010,2137,1,162,3369,0
0225.jpg,1055,2101,1,1480,3425,0
0231.jpg,1331,1686,1,83,2381,0
09.jpg,1414,1829,1,960,141,0
04.jpg,1181,1780,1,1036,3000,0
0228.jpg,1360,1183,1,1372,3089,0
0214.jpg,1507,2187,1,664,369,0
0200.jpg,1610,1798,1,1613,3568,0
0348.jpg,1418,1751,1,182,3713,0
0360.jpg,1169,2039,1,2503,2010,0
0406.jpg,1333,1858,1,621,3352,0
0412.jpg,1249,2319,1,1782,886,0
0374.jpg,1552,1900,1,1690,3151,0
0162.jpg,1251,1917,1,108,423,0
0176.jpg,927,2114,1,471,383,0
071.jpg,1294,1351,1,1593,2710,0
0189.jpg,1748,1892,1,182,875,0
065.jpg,1499,1954,1,1573,584,0
059.jpg,1085,1890,1,1068,521,0
058.jpg,1044,1581,1,1828,713,0
0188.jpg,1318,2333,1,117,940,0
064.jpg,1388,1757,1,342,2836,0
070.jpg,1376,1620,1,1314,2606,0
0177.jpg,829,2180,1,2374,3015,0
0163.jpg,1216,1969,1,1965,699,0
0413.jpg,1377,1959,1,2246,377,0
0375.jpg,1981,2900,1,2310,1096,0
0361.jpg,1182,1963,1,876,3311,0
0407.jpg,1253,1822,1,1799,204,0
0349.jpg,946,1444,1,2028,2142,0
0201.jpg,1223,2019,1,2351,421,0
0215.jpg,925,1914,1,1094,550,0
0229.jpg,1629,1639,1,198,3299,0
05.jpg,1496,1800,1,1995,129,0
07.jpg,1365,2050,1,1526,3514,0
0203.jpg,1474,1085,1,14,1992,0
0217.jpg,1252,1650,1,2298,881,0
0439.jpg,1544,1757,1,1982,3663,0
0377.jpg,1602,1550,1,30,2428,0
0411.jpg,1041,2173,1,1719,501,0
0405.jpg,1713,1207,1,3188,369,0
0363.jpg,1684,2111,1,36,3584,0
0388.jpg,1232,2102,1,1673,3444,0
0149.jpg,1792,942,1,148,241,0
099.jpg,2949,1940,1,2830,132,0
0175.jpg,1922,3146,1,2458,1666,0
0161.jpg,1484,1650,1,2202,2856,0
066.jpg,1671,1809,1,1806,638,0
072.jpg,1270,1490,1,601,302,0
073.jpg,1048,1897,1,672,239,0
067.jpg,1734,1574,1,1890,375,0
0160.jpg,1636,1485,1,3354,1455,0
098.jpg,2769,851,1,3452,1395,0
0174.jpg,2007,2730,1,2385,318,0
0148.jpg,1296,1352,1,2523,186,0
0389.jpg,1163,1668,1,2182,2993,0
0404.jpg,2493,602,1,521,3593,0
0362.jpg,1239,1772,1,2191,3201,0
0376.jpg,1851,3385,1,1441,75,0
0410.jpg,1414,2072,1,2144,191,0
0438.jpg,1392,1566,1,212,171,0
0216.jpg,1344,2492,1,2444,832,0
0202.jpg,1753,1356,1,405,2478,0
06.jpg,1719,2293,1,2017,189,0
02.jpg,1366,1797,1,1858,310,0
0206.jpg,1002,1670,1,2206,316,0
0212.jpg,689,1935,1,2173,1079,0
0414.jpg,1240,1421,1,2414,595,0
0372.jpg,1194,2392,1,1588,917,0
0366.jpg,1228,2162,1,2287,1807,0
0400.jpg,1264,1939,1,1149,595,0
0428.jpg,1668,2059,1,534,1462,0
0399.jpg,1515,2102,1,1469,520,0
0170.jpg,1395,1636,1,673,2915,0
088.jpg,1373,1791,1,1447,319,0
0164.jpg,1317,1947,1,1421,203,0
0158.jpg,1440,1539,1,560,114,0
063.jpg,1060,2730,1,1857,1432,0
077.jpg,1194,1664,1,849,562,0
076.jpg,1624,1727,1,1433,3089,0
062.jpg,1124,2175,1,2147,1921,0
0159.jpg,1766,1379,1,2814,263,0
089.jpg,2438,1396,1,3178,1373,0
0165.jpg,1420,1993,1,1972,3569,0
0171.jpg,1470,1612,1,1944,524,0
0398.jpg,1498,1937,1,2509,2258,0
0429.jpg,1312,2040,1,2450,1608,0
0367.jpg,1534,1702,1,2416,924,0
0401.jpg,1306,2037,1,2521,1325,0
0415.jpg,1257,1672,1,784,3160,0
0373.jpg,1630,2195,1,1606,261,0
0213.jpg,1415,3069,1,865,662,0
0207.jpg,1709,1270,1,1482,2494,0
03.jpg,1174,2007,1,1945,393,0
01.jpg,1289,2051,1,1634,2888,0
0211.jpg,1308,1952,1,2535,2795,0
0205.jpg,758,1390,1,341,3126,0
0239.jpg,1079,1808,1,1393,3583,0
0403.jpg,1426,1996,1,2233,3507,0
0365.jpg,1528,2943,1,565,1833,0
0371.jpg,1148,1978,1,2373,2838,0
0417.jpg,1449,2606,1,2260,3637,0
0359.jpg,1475,1983,1,1599,422,0
0167.jpg,1488,1499,1,682,2976,0
0173.jpg,1443,1790,1,272,538,0
048.jpg,1921,1243,1,3460,1707,0
0198.jpg,1391,1941,1,474,3226,0
074.jpg,1351,2144,1,2387,1443,0
060.jpg,1492,1939,1,1892,285,0
061.jpg,1038,2159,1,1325,1137,0
0199.jpg,1014,2013,1,1851,488,0
075.jpg,1293,1583,1,1792,161,0
049.jpg,1091,1789,1,1053,44,0
0172.jpg,1304,2099,1,1266,586,0
0166.jpg,562,802,1,1602,2623,0
0358.jpg,1299,2395,1,2224,553,0
0370.jpg,1453,1892,1,63,3647,0
0416.jpg,1291,2680,1,1661,586,0
0402.jpg,1483,1928,1,2097,517,0
0364.jpg,1714,2079,1,2046,421,0
0238.jpg,1098,1627,1,2260,3112,0
0204.jpg,1357,1782,1,185,1051,0
0210.jpg,1330,2191,1,111,114,0
0277.jpg,1225,2111,1,2256,2851,0
0263.jpg,1030,2053,1,2185,223,0
0288.jpg,1164,1631,1,1742,3371,0
0459.jpg,1500,1593,1,133,3472,0
0465.jpg,1175,1681,1,1708,365,0
0303.jpg,1270,1809,1,1981,3214,0
0317.jpg,1730,2678,1,774,1010,0
0471.jpg,1473,2146,1,113,3433,0
0129.jpg,1377,1779,1,604,115,0
0101.jpg,2043,1554,1,68,501,0
0115.jpg,2118,1637,1,3598,1484,0
012.jpg,1400,1986,1,1528,107,0
013.jpg,1596,1802,1,278,91,0
0114.jpg,1622,1146,1,3445,928,0
0100.jpg,1325,1745,1,1506,2918,0
0128.jpg,1438,2239,1,2578,1026,0
0316.jpg,1316,1566,1,422,3267,0
0470.jpg,1393,1820,1,1293,3285,0
0464.jpg,1188,1941,1,1824,622,0
0302.jpg,1313,2058,1,1755,497,0
0458.jpg,1333,1942,1,1642,556,0
0289.jpg,1308,1787,1,642,184,0
0262.jpg,1920,1673,1,151,3157,0
0276.jpg,1467,1979,1,889,295,0
0248.jpg,1814,1538,1,2531,2651,0
0260.jpg,1376,2500,1,879,3723,0
0274.jpg,1352,927,1,200,927,0
0328.jpg,2344,1435,1,3237,77,0
0472.jpg,1475,1043,1,3250,1012,0
0314.jpg,1085,1939,1,2351,936,0
0300.jpg,485,1524,1,1839,196,0
0466.jpg,1255,2170,1,1618,450,0
0116.jpg,1085,2117,1,159,3407,0
0102.jpg,1883,1457,1,2910,86,0
011.jpg,1193,1812,1,1640,102,0
039.jpg,3575,1438,1,1329,1475,0
038.jpg,1193,1468,1,505,3266,0
010.jpg,1338,1787,1,863,215,0
0103.jpg,1879,1419,1,3055,278,0
0117.jpg,1291,1142,1,104,1089,0
0301.jpg,1506,2090,1,145,3147,0
0467.jpg,1368,1849,1,1419,195,0
0473.jpg,1579,1950,1,1769,653,0
0315.jpg,972,2033,1,2350,313,0
0329.jpg,2105,1297,1,766,2193,0
0275.jpg,904,2432,1,2149,3357,0
0261.jpg,1417,1648,1,775,3298,0
0249.jpg,1305,1398,1,674,2958,0
0265.jpg,1182,2106,1,1963,832,0
0271.jpg,1699,1927,1,558,821,0
0259.jpg,1429,1552,1,17,1242,0
0311.jpg,1412,1491,1,157,3287,0
0477.jpg,1277,1971,1,80,3540,0
0463.jpg,1170,1804,1,2142,566,0
0305.jpg,1298,1905,1,98,3166,0
0339.jpg,1256,1815,1,114,3582,0
0488.jpg,1240,2249,1,1718,580,0
0113.jpg,1746,1327,1,3149,608,0
0107.jpg,171,1445,1,1708,469,0
028.jpg,1963,1219,1,400,1705,0
014.jpg,2330,1243,1,35,1514,0
015.jpg,1030,1501,1,2998,135,0
029.jpg,1407,1660,1,1921,245,0
0106.jpg,1669,1266,1,3443,320,0
0112.jpg,1513,1362,1,2884,799,0
0489.jpg,1538,1896,1,207,3497,0
0338.jpg,762,2459,1,416,3740,0
0462.jpg,1376,1883,1,2212,366,0
0304.jpg,1710,1821,1,2713,1008,0
0310.jpg,1149,1561,1,251,169,0
0476.jpg,1469,2308,1,1786,291,0
0258.jpg,1244,2011,1,122,3336,0
0270.jpg,1229,1730,1,324,3347,0
0264.jpg,1302,1971,1,178,3329,0
0272.jpg,1712,346,1,418,588,0
0266.jpg,1245,2486,1,620,334,0
0299.jpg,808,1896,1,2275,1410,0
0306.jpg,1277,1661,1,81,1316,0
0460.jpg,1307,1828,1,2092,383,0
0474.jpg,1210,1889,1,1630,323,0
0312.jpg,1204,1811,1,2139,2616,0
0448.jpg,1475,2581,1,1436,397,0
0104.jpg,1841,1599,1,2009,303,0
0110.jpg,1150,1509,1,1189,2953,0
0138.jpg,1243,1916,1,2077,269,0
017.jpg,1239,2074,1,39,676,0
016.jpg,1749,1841,1,1755,50,0
0139.jpg,1301,2195,1,1582,225,0
0111.jpg,1854,1548,1,2950,2101,0
0105.jpg,2138,1350,1,418,819,0
0449.jpg,1477,1876,1,1978,3517,0
0475.jpg,1264,1910,1,1476,454,0
0313.jpg,1174,1917,1,217,435,0
0307.jpg,32,2061,1,55,287,0
0461.jpg,1437,1798,1,142,3415,0
0298.jpg,732,520,1,827,3391,0
0267.jpg,1175,1999,1,919,2902,0
0273.jpg,1285,1417,1,2071,248,0
